<?xml version="1.0" encoding="utf-8"?>
<extension type="module" version="3.1" client="administrator" method="upgrade">
	<name>mod_o3_custom_field_membership_due</name>
	<author>OPN 365 Pty Ltd</author>
	<creationDate>October, 2019</creationDate>
	<copyright>Copyright (C) 2019 OPN 365 Pty Ltd. All rights reserved.</copyright>
	<license>see license.html</license>
	<authorEmail>info@opn365.com</authorEmail>
	<authorUrl>www.opn365.com</authorUrl>
	<version>1.0.0</version>

	<files>
		<filename module="mod_glanrentals">mod_o3_custom_field_membership_due.php</filename>
		<folder>tmpl</folder>
	</files>
        
	<help key="JHELP_EXTENSIONS_MODULE_MANAGER_ADMIN_CUSTOM" />
	<config>
		<fields name="params">
			<fieldset name="basic" addfieldpath="administrator/modules/mod_o3_custom_field_membership_due/fields">
                            
                            
                                <field name="memdate" type="memberduedate"
                                        label="Membership Due Date" description="JFIELD_EDUCATION_DESC"
                                        class="inputbox" required="true"
                                />
                                
                                
                                
				
			</fieldset>
                        
                        
			
		</fields>
	</config>
</extension>
